"hormon","N","obs","exp"
"0",2643,1113,1144.84231173147
"1",339,159,127.157688268525
