"chemo","N","obs","exp"
"0",2402,1014,1025.08545627922
"1",580,258,246.914543720777
